BEGIN TRANSACTION;
-- Employees

INSERT INTO Employee (empid, name, homeaddress, dateofbirth, password) VALUES ('03081', 'Tam Janson', '10 Jenna Circle', '1988-05-02', 'KXzhMb4Mzu');
INSERT INTO Employee (empid, name, homeaddress, dateofbirth, password) VALUES ('81716', 'Alane Della', '35720 Blackbird Terrace', '1986-08-07', 'qpUbd9hjI2');
INSERT INTO Employee (empid, name, homeaddress, dateofbirth, password) VALUES ('48841', 'Obadias Coppard', '0002 Wayridge Junction', '2002-08-08', 'rPtLhQLx');
INSERT INTO Employee (empid, name, homeaddress, dateofbirth, password) VALUES ('12247', 'Ileana Wonfar', '96 Vermont Junction', '2000-01-27', 'rAKpkQJ6BYp');
INSERT INTO Employee (empid, name, homeaddress, dateofbirth, password) VALUES ('34290', 'Rosemonde Phipson', '219 Weeping Birch Plaza', '1982-08-2', 'cDaZEqIwkerQ');
INSERT INTO Employee (empid, name, homeaddress, dateofbirth, password) VALUES ('11030', 'Brit Grimolbie', '32198 Marquette Road', '2006-06-05', 'pu8ys6WAZ');
INSERT INTO Employee (empid, name, homeaddress, dateofbirth, password) VALUES ('15905', 'Rea Fibbings', '7578 Magdeline Trail', '1969-06-7', 'WdyL5NYx4g6');
INSERT INTO Employee (empid, name, homeaddress, dateofbirth, password) VALUES ('09438', 'Julia Norville', '2735 Rieder Circle', '1985-01-26', '3Bv47Z1Eq');
INSERT INTO Employee (empid, name, homeaddress, dateofbirth, password) VALUES ('36020', 'Adora Lansdowne', '350 Garrison Hill', '1998-06-30', 'gJwTXyGwZjl3');
INSERT INTO Employee (empid, name, homeaddress, dateofbirth, password) VALUES ('98809', 'Nathanial Farfoot', '97907 Chive Street', '1954-08-25', 'jlFIThiFJ0h');
INSERT INTO Employee (empid, name, homeaddress, dateofbirth, password) VALUES ('58407', 'Lynne Smorthit', '25 Sachs Lane', '2005-04-15', '9cQTjnY6');
INSERT INTO Employee (empid, name, homeaddress, dateofbirth, password) VALUES ('73946', 'Aylmar Bard', '54 Raven Court', '1965-05-30', 'xP5dc4W4CCK');
INSERT INTO Employee (empid, name, homeaddress, dateofbirth, password) VALUES ('27933', 'Kore Andersen', '68944 Jenifer Street', '1966-05-24', 'HB6S6iVKRh');
INSERT INTO Employee (empid, name, homeaddress, dateofbirth, password) VALUES ('67723', 'Vida Dods', '03 Village Avenue', '1968-07-06', 'Lb6AqdEhP9q5');
INSERT INTO Employee (empid, name, homeaddress, dateofbirth, password) VALUES ('45552', 'Franz Beaudry', '037 Blaine Center', '1999-07-28', '6g7Q8nq7');
INSERT INTO Employee (empid, name, homeaddress, dateofbirth, password) VALUES ('98910', 'Indira Durran', '7 Crowley Terrace', '1965-04-05', 'BPiEmZ');
INSERT INTO Employee (empid, name, homeaddress, dateofbirth, password) VALUES ('85540', 'Eugene Morefield', '319 Sommers Junction', '1960-02-22', 'nOI0Z1w9');
INSERT INTO Employee (empid, name, homeaddress, dateofbirth, password) VALUES ('37844', 'Hayden Grewcock', '55 Burrows Terrace', '1955-08-06', 'MWNVshQPRc6');
INSERT INTO Employee (empid, name, homeaddress, dateofbirth, password) VALUES ('08090', 'Amelia Chesser', '1 Bunker Hill Pass', '1999-04-01', 'jFjHDR5J7bEL');
INSERT INTO Employee (empid, name, homeaddress, dateofbirth, password) VALUES ('39804', 'Archaimbaud Poyntz', '2976 Ridgeview Park', '1965-06-07', 'HUSMB54eLo');
INSERT INTO Employee (empid, name, homeaddress, dateofbirth, password) VALUES ('71405', 'Bianca Marikhin', '67 Mallard Plaza', '1961-04-28', 'vhgVRMWWi6');
INSERT INTO Employee (empid, name, homeaddress, dateofbirth, password) VALUES ('30126', 'Bel Provis', '1 Lakewood Lane', '1966-06-22', 'CnxPI1mzHibK');
INSERT INTO Employee (empid, name, homeaddress, dateofbirth, password) VALUES ('51156', 'Sean Coster', '7 Hollow Ridge Alley', '1957-03-02', 'GG1as6Vy');
INSERT INTO Employee (empid, name, homeaddress, dateofbirth, password) VALUES ('26184', 'Nara Melton', '028 Scott Park', '1981-09-02', 'eS3c4bHvG');
INSERT INTO Employee (empid, name, homeaddress, dateofbirth, password) VALUES ('36925', 'Dean Pascall', '9917 4th Street', '2003-05-06', 'mTp6DQv');
INSERT INTO Employee (empid, name, homeaddress, dateofbirth, password) VALUES ('62109', 'Lonni D''Emanuele', '6 Heffernan Crossing', '1990-06-02', 'qnqpGiLSsZZk');
INSERT INTO Employee (empid, name, homeaddress, dateofbirth, password) VALUES ('22214', 'Kean Worham', '95919 Commercial Place', '1984-02-29', 'CkB3dp8e');
INSERT INTO Employee (empid, name, homeaddress, dateofbirth, password) VALUES ('17804', 'Lek Antoszewski', '82159 Autumn Leaf Parkway', '1998-03-02', 'CwNwdYN');
INSERT INTO Employee (empid, name, homeaddress, dateofbirth, password) VALUES ('09251', 'Lilas Badby', '700 Pine View Plaza', '1993-01-25', 'tIcCJQfIIlC');
INSERT INTO Employee (empid, name, homeaddress, dateofbirth, password) VALUES ('76945', 'Merell Chinery', '2 Shoshone Circle', '2003-09-08', 'lib7FATJWrG');
INSERT INTO Employee (empid, name, homeaddress, dateofbirth, password) VALUES ('37387', 'Cristine Priddy', '18085 Sycamore Road', '2008-01-6', 'G9pHuglf2di0');
INSERT INTO Employee (empid, name, homeaddress, dateofbirth, password) VALUES ('62767', 'Kelley Zylbermann', '56330 Rowland Plaza', '1966-06-04', 'HKFlRCgSX');
INSERT INTO Employee (empid, name, homeaddress, dateofbirth, password) VALUES ('80956', 'Alley Gianneschi', '76 Moland Park', '1970-02-26', '20Jdl6rJ');
INSERT INTO Employee (empid, name, homeaddress, dateofbirth, password) VALUES ('52675', 'Stafani Drought', '279 Stang Parkway', '1999-08-25', 'HTrUDocF1');
INSERT INTO Employee (empid, name, homeaddress, dateofbirth, password) VALUES ('71800', 'Josee Coltart', '5 Dapin Drive', '1992-02-23', 'py6vlhA3RSET');
INSERT INTO Employee (empid, name, homeaddress, dateofbirth, password) VALUES ('66051', 'Aggie Priditt', '2 Canary Center', '1982-01-06', 'YlSMMCpmY4E');
INSERT INTO Employee (empid, name, homeaddress, dateofbirth, password) VALUES ('00084', 'Curry Jakov', '08 Shopko Terrace', '1980-06-8', 'n7zMUFy');
INSERT INTO Employee (empid, name, homeaddress, dateofbirth, password) VALUES ('61602', 'Ulberto Overall', '3168 Morrow Way', '2007-05-3', '5urNZ9M');
INSERT INTO Employee (empid, name, homeaddress, dateofbirth, password) VALUES ('48741', 'Felicio Reyson', '2529 Glacier Hill Lane', '1970-01-23', 'g9OS2mB3');


-- Department

INSERT INTO Department (name, budget, manager) VALUES ('Accounting', '$1477289.65', '98910');
INSERT INTO Department (name, budget, manager) VALUES ('Marketing', '$6493330.49', '61602');
INSERT INTO Department (name, budget, manager) VALUES ('RND', '$2794880.60', '26184');
INSERT INTO Department (name, budget, manager) VALUES ('Sales', '$5534822.97', '08090');
INSERT INTO Department (name, budget, manager) VALUES ('Services', '$3147950.09', '00084');
INSERT INTO Department (name, budget, manager) VALUES ('Training', '$9453356.47', '22214');
INSERT INTO Department (name, budget, manager) VALUES ('Legal', '$5053970.75', '73946');
INSERT INTO Department (name, budget, manager) VALUES ('Human Resources', '$4774428.33', '76945');
insert into Department (name, budget, manager) values ('Engineering', '$6096331.57', '85540');
insert into Department (name, budget, manager) values ('Product Management', '$34629485.29', '48741');
insert into Department (name, budget, manager) values ('Business Development', '$27002033.13', '15905');
insert into Department (name, budget, manager) values ('Support', '$32909710.24', '48841');

-- Model
insert into Model (manufacturer, description, modelnumber, weight) values ('Twinte', 'Customizable interactive project', '8165541412', 68);
insert into Model (manufacturer, description, modelnumber, weight) values ('Devpulse', 'De-engineered full-range open system', '4030141218', 44);
insert into Model (manufacturer, description, modelnumber, weight) values ('Gabcube', 'Centralized discrete middleware', '1666158895', 40);
insert into Model (manufacturer, description, modelnumber, weight) values ('Feednation', 'Expanded didactic instruction set', '2050267274', 31);
insert into Model (manufacturer, description, modelnumber, weight) values ('Zoombox', 'Profit-focused global extranet', '8860068207', 57);
insert into Model (manufacturer, description, modelnumber, weight) values ('Shufflebeat', 'Robust clear-thinking functionalities', '0288809602', 23);
insert into Model (manufacturer, description, modelnumber, weight) values ('Voonyx', 'Vision-oriented bandwidth-monitored instruction set', '5275001460', 82);
insert into Model (manufacturer, description, modelnumber, weight) values ('Tagpad', 'Fundamental human-resource migration', '3772470904', 89);
insert into Model (manufacturer, description, modelnumber, weight) values ('Wordpedia', 'Business-focused tertiary orchestration', '0211912271', 17);
insert into Model (manufacturer, description, modelnumber, weight) values ('Skyndu', 'Quality-focused web-enabled parallelism', '5296853075', 93);
insert into Model (manufacturer, description, modelnumber, weight) values ('Tazz', 'Re-engineered well-modulated contingency', '8479884797', 95);
insert into Model (manufacturer, description, modelnumber, weight) values ('Dabshots', 'Centralized empowering protocol', '6481799600', 68);
insert into Model (manufacturer, description, modelnumber, weight) values ('Rhybox', 'Re-contextualized bifurcated orchestration', '7107712551', 25);
insert into Model (manufacturer, description, modelnumber, weight) values ('Cogibox', 'Networked disintermediate application', '6700815444', 27);
insert into Model (manufacturer, description, modelnumber, weight) values ('Meedoo', 'Progressive 24-7 orchestration', '3998544224', 43);
insert into Model (manufacturer, description, modelnumber, weight) values ('Zoomzone', 'Reverse-engineered systemic monitoring', '9854941272', 50);
insert into Model (manufacturer, description, modelnumber, weight) values ('Meejo', 'Secured static implementation', '3488947459', 75);
insert into Model (manufacturer, description, modelnumber, weight) values ('Topicware', 'Extended system-worthy forecast', '5798231046', 100);
insert into Model (manufacturer, description, modelnumber, weight) values ('Izio', 'Open-source static productivity', '5886976558', 53);
insert into Model (manufacturer, description, modelnumber, weight) values ('Zava', 'Polarised incremental paradigm', '1146805551', 82);
insert into Model (manufacturer, description, modelnumber, weight) values ('Demizz', 'Reduced hybrid website', '9510770736', 63);
insert into Model (manufacturer, description, modelnumber, weight) values ('Muxo', 'Switchable contextually-based throughput', '8768929463', 40);
insert into Model (manufacturer, description, modelnumber, weight) values ('Wordify', 'Front-line fault-tolerant middleware', '8465785368', 84);
insert into Model (manufacturer, description, modelnumber, weight) values ('Twinder', 'Intuitive contextually-based local area network', '5709369365', 78);
insert into Model (manufacturer, description, modelnumber, weight) values ('Jatri', 'Horizontal disintermediate workforce', '8271780565', 31);
insert into Model (manufacturer, description, modelnumber, weight) values ('Chatterbridge', 'Phased zero tolerance architecture', '8429506128', 39);
insert into Model (manufacturer, description, modelnumber, weight) values ('Devcast', 'Customer-focused bi-directional time-frame', '3458131566', 59);
insert into Model (manufacturer, description, modelnumber, weight) values ('Yakitri', 'Cross-platform system-worthy frame', '8680991694', 18);
insert into Model (manufacturer, description, modelnumber, weight) values ('Yakitri', 'Intuitive reciprocal open architecture', '8406089423', 19);
insert into Model (manufacturer, description, modelnumber, weight) values ('Jabberbean', 'Down-sized clear-thinking frame', '8519302165', 99);
insert into Model (manufacturer, description, modelnumber, weight) values ('Tazzy', 'Up-sized needs-based hub', '2304417248', 57);
insert into Model (manufacturer, description, modelnumber, weight) values ('Photobean', 'Up-sized analyzing capability', '9798823176', 74);
insert into Model (manufacturer, description, modelnumber, weight) values ('Oodoo', 'Front-line coherent analyzer', '1001159551', 61);
insert into Model (manufacturer, description, modelnumber, weight) values ('Thoughtsphere', 'Multi-channelled eco-centric structure', '4016572037', 29);
insert into Model (manufacturer, description, modelnumber, weight) values ('Thoughtstorm', 'Automated object-oriented knowledge base', '7482615024', 93);
insert into Model (manufacturer, description, modelnumber, weight) values ('Skidoo', 'Robust well-modulated throughput', '3708814363', 45);
insert into Model (manufacturer, description, modelnumber, weight) values ('Demimbu', 'Virtual systemic implementation', '3233224206', 76);
insert into Model (manufacturer, description, modelnumber, weight) values ('Eire', 'Decentralized multi-state knowledge base', '8876740953', 91);
insert into Model (manufacturer, description, modelnumber, weight) values ('Skajo', 'Inverse heuristic open architecture', '0641904576', 67);
insert into Model (manufacturer, description, modelnumber, weight) values ('Flipstorm', 'Profit-focused transitional function', '2001635206', 39);

-- ModelAllocation
insert into ModelAllocations (manufacturer, modelnumber, department, maxnumber) values ('Twinte', '8165541412', 'Legal', 118);
insert into ModelAllocations (manufacturer, modelnumber, department, maxnumber) values ('Devpulse', '4030141218', 'RND', 153);
insert into ModelAllocations (manufacturer, modelnumber, department, maxnumber) values ('Gabcube', '1666158895', 'Legal', 186);
insert into ModelAllocations (manufacturer, modelnumber, department, maxnumber) values ('Feednation', '2050267274', 'Accounting', 275);
insert into ModelAllocations (manufacturer, modelnumber, department, maxnumber) values ('Zoombox', '8860068207', 'Marketing', 199);
insert into ModelAllocations (manufacturer, modelnumber, department, maxnumber) values ('Shufflebeat', '0288809602', 'Legal', 208);
insert into ModelAllocations (manufacturer, modelnumber, department, maxnumber) values ('Voonyx', '5275001460', 'Services', 264);
insert into ModelAllocations (manufacturer, modelnumber, department, maxnumber) values ('Tagpad', '3772470904', 'Engineering', 227);
insert into ModelAllocations (manufacturer, modelnumber, department, maxnumber) values ('Wordpedia', '0211912271', 'Legal', 273);
insert into ModelAllocations (manufacturer, modelnumber, department, maxnumber) values ('Skyndu', '5296853075', 'Business Development', 238);
insert into ModelAllocations (manufacturer, modelnumber, department, maxnumber) values ('Tazz', '8479884797', 'Business Development', 143);
insert into ModelAllocations (manufacturer, modelnumber, department, maxnumber) values ('Dabshots', '6481799600', 'RND', 110);
insert into ModelAllocations (manufacturer, modelnumber, department, maxnumber) values ('Rhybox', '7107712551', 'Business Development', 80);
insert into ModelAllocations (manufacturer, modelnumber, department, maxnumber) values ('Cogibox', '6700815444', 'Support', 77);
insert into ModelAllocations (manufacturer, modelnumber, department, maxnumber) values ('Meedoo', '3998544224', 'Accounting', 64);
insert into ModelAllocations (manufacturer, modelnumber, department, maxnumber) values ('Zoomzone', '9854941272', 'Human Resources', 98);
insert into ModelAllocations (manufacturer, modelnumber, department, maxnumber) values ('Meejo', '3488947459', 'RND', 153);
insert into ModelAllocations (manufacturer, modelnumber, department, maxnumber) values ('Topicware', '5798231046', 'Services', 197);
insert into ModelAllocations (manufacturer, modelnumber, department, maxnumber) values ('Izio', '5886976558', 'Human Resources', 252);
insert into ModelAllocations (manufacturer, modelnumber, department, maxnumber) values ('Zava', '1146805551', 'Support', 200);
insert into ModelAllocations (manufacturer, modelnumber, department, maxnumber) values ('Demizz', '9510770736', 'Legal', 196);
insert into ModelAllocations (manufacturer, modelnumber, department, maxnumber) values ('Muxo', '8768929463', 'Engineering', 26);
insert into ModelAllocations (manufacturer, modelnumber, department, maxnumber) values ('Wordify', '8465785368', 'Accounting', 189);
insert into ModelAllocations (manufacturer, modelnumber, department, maxnumber) values ('Twinder', '5709369365', 'RND', 55);
insert into ModelAllocations (manufacturer, modelnumber, department, maxnumber) values ('Jatri', '8271780565', 'Legal', 134);
insert into ModelAllocations (manufacturer, modelnumber, department, maxnumber) values ('Chatterbridge', '8429506128', 'Human Resources', 143);
insert into ModelAllocations (manufacturer, modelnumber, department, maxnumber) values ('Devcast', '3458131566', 'Services', 32);
insert into ModelAllocations (manufacturer, modelnumber, department, maxnumber) values ('Yakitri', '8680991694', 'Training', 87);
insert into ModelAllocations (manufacturer, modelnumber, department, maxnumber) values ('Yakitri', '8406089423', 'Marketing', 73);
insert into ModelAllocations (manufacturer, modelnumber, department, maxnumber) values ('Jabberbean', '8519302165', 'RND', 214);
insert into ModelAllocations (manufacturer, modelnumber, department, maxnumber) values ('Tazzy', '2304417248', 'Sales', 185);
insert into ModelAllocations (manufacturer, modelnumber, department, maxnumber) values ('Photobean', '9798823176', 'Legal', 64);
insert into ModelAllocations (manufacturer, modelnumber, department, maxnumber) values ('Oodoo', '1001159551', 'Services', 177);
insert into ModelAllocations (manufacturer, modelnumber, department, maxnumber) values ('Thoughtsphere', '4016572037', 'Training', 126);
insert into ModelAllocations (manufacturer, modelnumber, department, maxnumber) values ('Thoughtstorm', '7482615024', 'Support', 26);

-- Offices
insert into Offices (department, location) values ('Human Resources', '4 Dayton Crossing');
insert into Offices (department, location) values ('Services', '9232 Cascade Terrace');
insert into Offices (department, location) values ('Business Development', '1876 Hoard Junction');
insert into Offices (department, location) values ('RND', '6 Vahlen Junction');
insert into Offices (department, location) values ('Business Development', '0664 Northwestern Junction');
insert into Offices (department, location) values ('Accounting', '5 Morningstar Crossing');
insert into Offices (department, location) values ('Product Management', '8268 Comanche Pass');
insert into Offices (department, location) values ('Marketing', '21864 Blaine Trail');
insert into Offices (department, location) values ('Business Development', '3 Petterle Circle');
insert into Offices (department, location) values ('Accounting', '55 Thackeray Alley');
insert into Offices (department, location) values ('Training', '3365 Warbler Center');
insert into Offices (department, location) values ('Legal', '330 Texas Court');
insert into Offices (department, location) values ('Product Management', '54 Di Loreto Hill');
insert into Offices (department, location) values ('Product Management', '62912 Meadow Vale Place');
insert into Offices (department, location) values ('RND', '93998 Prairieview Parkway');
insert into Offices (department, location) values ('RND', '87 6th Parkway');
insert into Offices (department, location) values ('Product Management', '3577 6th Alley');
insert into Offices (department, location) values ('Training', '3275 Spohn Lane');
insert into Offices (department, location) values ('Support', '92997 Mallory Junction');
insert into Offices (department, location) values ('Legal', '18 Manufacturers Terrace');

-- EmployeePhoneNumbers
insert into EmployeePhoneNumbers (empid, phonenumber) values ('08090', '7942822691');
insert into EmployeePhoneNumbers (empid, phonenumber) values ('67723', '3885837104');
insert into EmployeePhoneNumbers (empid, phonenumber) values ('66051', '1691316495');
insert into EmployeePhoneNumbers (empid, phonenumber) values ('09251', '8637040393');
insert into EmployeePhoneNumbers (empid, phonenumber) values ('58407', '9208192439');
insert into EmployeePhoneNumbers (empid, phonenumber) values ('09438', '5431646799');
insert into EmployeePhoneNumbers (empid, phonenumber) values ('15905', '4383923276');
insert into EmployeePhoneNumbers (empid, phonenumber) values ('48841', '3644914233');
insert into EmployeePhoneNumbers (empid, phonenumber) values ('80956', '2246461853');
insert into EmployeePhoneNumbers (empid, phonenumber) values ('22214', '3228655507');
insert into EmployeePhoneNumbers (empid, phonenumber) values ('12247', '2407661686');
insert into EmployeePhoneNumbers (empid, phonenumber) values ('37387', '4166523866');
insert into EmployeePhoneNumbers (empid, phonenumber) values ('11030', '8836344400');
insert into EmployeePhoneNumbers (empid, phonenumber) values ('37844', '2031028251');
insert into EmployeePhoneNumbers (empid, phonenumber) values ('81716', '7637540168');
insert into EmployeePhoneNumbers (empid, phonenumber) values ('51156', '5514809804');
insert into EmployeePhoneNumbers (empid, phonenumber) values ('27933', '6138950443');
insert into EmployeePhoneNumbers (empid, phonenumber) values ('48741', '5751797593');
insert into EmployeePhoneNumbers (empid, phonenumber) values ('80956', '1925307283');
insert into EmployeePhoneNumbers (empid, phonenumber) values ('00084', '7214954428');
insert into EmployeePhoneNumbers (empid, phonenumber) values ('61602', '1087623531');
insert into EmployeePhoneNumbers (empid, phonenumber) values ('30126', '2261460547');
insert into EmployeePhoneNumbers (empid, phonenumber) values ('62109', '5287296520');
insert into EmployeePhoneNumbers (empid, phonenumber) values ('62767', '4577486969');
insert into EmployeePhoneNumbers (empid, phonenumber) values ('30126', '3928009484');
insert into EmployeePhoneNumbers (empid, phonenumber) values ('37387', '4408916723');
insert into EmployeePhoneNumbers (empid, phonenumber) values ('66051', '8675606598');
insert into EmployeePhoneNumbers (empid, phonenumber) values ('12247', '5084475160');
insert into EmployeePhoneNumbers (empid, phonenumber) values ('98910', '7292546404');
insert into EmployeePhoneNumbers (empid, phonenumber) values ('26184', '6128495794');
insert into EmployeePhoneNumbers (empid, phonenumber) values ('48741', '2195969055');
insert into EmployeePhoneNumbers (empid, phonenumber) values ('76945', '3973402994');
insert into EmployeePhoneNumbers (empid, phonenumber) values ('30126', '2927798692');
insert into EmployeePhoneNumbers (empid, phonenumber) values ('62109', '2245247076');
insert into EmployeePhoneNumbers (empid, phonenumber) values ('98809', '1576056054');
insert into EmployeePhoneNumbers (empid, phonenumber) values ('76945', '9743783246');
insert into EmployeePhoneNumbers (empid, phonenumber) values ('62109', '4413279471');
insert into EmployeePhoneNumbers (empid, phonenumber) values ('73946', '8993535197');
insert into EmployeePhoneNumbers (empid, phonenumber) values ('62109', '5337368114');


-- EmployeeDepartments
insert into EmployeeDepartments (empid, department, fraction) values ('00084', 'Accounting', 53.79);
insert into EmployeeDepartments (empid, department, fraction) values ('48741', 'Legal', 66.86);
insert into EmployeeDepartments (empid, department, fraction) values ('30126', 'RND', 69.19);
insert into EmployeeDepartments (empid, department, fraction) values ('80956', 'Training', 18.67);
insert into EmployeeDepartments (empid, department, fraction) values ('73946', 'Business Development', 35.17);
insert into EmployeeDepartments (empid, department, fraction) values ('37387', 'Training', 2.58);
insert into EmployeeDepartments (empid, department, fraction) values ('62767', 'Sales', 28.44);
insert into EmployeeDepartments (empid, department, fraction) values ('48841', 'Human Resources', 95.93);
insert into EmployeeDepartments (empid, department, fraction) values ('45552', 'Sales', 99.24);
insert into EmployeeDepartments (empid, department, fraction) values ('58407', 'Sales', 53.67);
insert into EmployeeDepartments (empid, department, fraction) values ('36925', 'Sales', 43.33);
insert into EmployeeDepartments (empid, department, fraction) values ('09438', 'Services', 28.53);
insert into EmployeeDepartments (empid, department, fraction) values ('11030', 'RND', 86.77);
insert into EmployeeDepartments (empid, department, fraction) values ('12247', 'Accounting', 10.1);
insert into EmployeeDepartments (empid, department, fraction) values ('98809', 'Engineering', 54.25);
insert into EmployeeDepartments (empid, department, fraction) values ('22214', 'Product Management', 38.24);
insert into EmployeeDepartments (empid, department, fraction) values ('36020', 'Support', 82.8);
insert into EmployeeDepartments (empid, department, fraction) values ('39804', 'Sales', 99.57);
insert into EmployeeDepartments (empid, department, fraction) values ('73946', 'RND', 97.43);
insert into EmployeeDepartments (empid, department, fraction) values ('08090', 'Accounting', 12.26);
insert into EmployeeDepartments (empid, department, fraction) values ('17804', 'Business Development', 28.16);
insert into EmployeeDepartments (empid, department, fraction) values ('12247', 'Support', 15.47);
insert into EmployeeDepartments (empid, department, fraction) values ('08090', 'Sales', 98.22);
insert into EmployeeDepartments (empid, department, fraction) values ('98910', 'Support', 84.23);
insert into EmployeeDepartments (empid, department, fraction) values ('11030', 'Training', 6.68);
insert into EmployeeDepartments (empid, department, fraction) values ('71405', 'Marketing', 86.76);
insert into EmployeeDepartments (empid, department, fraction) values ('81716', 'Accounting', 30.1);
insert into EmployeeDepartments (empid, department, fraction) values ('00084', 'Engineering', 92.13);
insert into EmployeeDepartments (empid, department, fraction) values ('85540', 'Accounting', 94.33);
insert into EmployeeDepartments (empid, department, fraction) values ('09251', 'Sales', 61.39);
insert into EmployeeDepartments (empid, department, fraction) values ('26184', 'Training', 40.47);
insert into EmployeeDepartments (empid, department, fraction) values ('76945', 'Sales', 62.87);
insert into EmployeeDepartments (empid, department, fraction) values ('85540', 'Legal', 10.27);
insert into EmployeeDepartments (empid, department, fraction) values ('48741', 'Product Management', 85.63);
insert into EmployeeDepartments (empid, department, fraction) values ('61602', 'Training', 62.53);
insert into EmployeeDepartments (empid, department, fraction) values ('73946', 'Sales', 13.37);

-- Device

insert into Device (deviceid, serialnumber, purchasedate, purchasecost, manufacturer, modelnumber, issuedto) values (1, '2721153188', '2017-12-19', '$1009.10', 'Zoomzone', '9854941272', '00084');
insert into Device (deviceid, serialnumber, purchasedate, purchasecost, manufacturer, modelnumber, issuedto) values (2, '1882766482', '2017-11-06', '$1808.16', 'Voonyx', '5275001460', '22214');
insert into Device (deviceid, serialnumber, purchasedate, purchasecost, manufacturer, modelnumber, issuedto) values (3, '7984964890', '2017-09-13', '$667.32', 'Cogibox', '6700815444', '08090');
insert into Device (deviceid, serialnumber, purchasedate, purchasecost, manufacturer, modelnumber, issuedto) values (4, '1267644095', '2017-11-09', '$1989.47', 'Jatri', '8271780565', '98910');
insert into Device (deviceid, serialnumber, purchasedate, purchasecost, manufacturer, modelnumber, issuedto) values (5, '7572322891', '2017-08-26', '$1211.66', 'Jatri', '8271780565', '71800');
insert into Device (deviceid, serialnumber, purchasedate, purchasecost, manufacturer, modelnumber, issuedto) values (6, '2799630952', '2017-08-20', '$1383.76', 'Jabberbean', '8519302165', '03081');
insert into Device (deviceid, serialnumber, purchasedate, purchasecost, manufacturer, modelnumber, issuedto) values (7, '7138595069', '2017-08-28', '$1156.02', 'Zava', '1146805551', '58407');
insert into Device (deviceid, serialnumber, purchasedate, purchasecost, manufacturer, modelnumber, issuedto) values (8, '1527512835', '2017-09-22', '$962.81', 'Topicware', '5798231046', '39804');
insert into Device (deviceid, serialnumber, purchasedate, purchasecost, manufacturer, modelnumber, issuedto) values (9, '4204315402', '2018-01-23', '$1288.75', 'Zava', '1146805551', '62109');
insert into Device (deviceid, serialnumber, purchasedate, purchasecost, manufacturer, modelnumber, issuedto) values (10, '9752571883', '2018-04-12', '$1297.52', 'Demimbu', '3233224206', '62767');
insert into Device (deviceid, serialnumber, purchasedate, purchasecost, manufacturer, modelnumber, issuedto) values (11, '3574531613', '2017-12-25', '$645.29', 'Demizz', '9510770736', '26184');
insert into Device (deviceid, serialnumber, purchasedate, purchasecost, manufacturer, modelnumber, issuedto) values (12, '7235978805', '2017-09-05', '$1701.21', 'Dabshots', '6481799600', '73946');
insert into Device (deviceid, serialnumber, purchasedate, purchasecost, manufacturer, modelnumber, issuedto) values (13, '8499939805', '2018-04-19', '$1048.98', 'Cogibox', '6700815444', '03081');
insert into Device (deviceid, serialnumber, purchasedate, purchasecost, manufacturer, modelnumber, issuedto) values (14, '1325780375', '2018-02-10', '$1320.42', 'Feednation', '2050267274', '76945');
insert into Device (deviceid, serialnumber, purchasedate, purchasecost, manufacturer, modelnumber, issuedto) values (15, '0490647189', '2017-11-07', '$1091.72', 'Topicware', '5798231046', '81716');
insert into Device (deviceid, serialnumber, purchasedate, purchasecost, manufacturer, modelnumber, issuedto) values (16, '5952579566', '2017-11-05', '$1241.01', 'Muxo', '8768929463', '71800');
insert into Device (deviceid, serialnumber, purchasedate, purchasecost, manufacturer, modelnumber, issuedto) values (17, '8357570070', '2018-01-14', '$820.45', 'Izio', '5886976558', '17804');
insert into Device (deviceid, serialnumber, purchasedate, purchasecost, manufacturer, modelnumber, issuedto) values (18, '8019230513', '2017-09-08', '$724.40', 'Skyndu', '5296853075', '73946');
insert into Device (deviceid, serialnumber, purchasedate, purchasecost, manufacturer, modelnumber, issuedto) values (19, '5816272977', '2017-10-22', '$1445.89', 'Yakitri', '8406089423', '81716');
insert into Device (deviceid, serialnumber, purchasedate, purchasecost, manufacturer, modelnumber, issuedto) values (20, '3768555569', '2018-01-25', '$1642.17', 'Demimbu', '3233224206', '37387');
insert into Device (deviceid, serialnumber, purchasedate, purchasecost, manufacturer, modelnumber, issuedto) values (21, '3079176995', '2018-03-02', '$1390.86', 'Wordpedia', '0211912271', '52675');
insert into Device (deviceid, serialnumber, purchasedate, purchasecost, manufacturer, modelnumber, issuedto) values (22, '3804476813', '2018-01-29', '$1755.26', 'Skidoo', '3708814363', '36020');
insert into Device (deviceid, serialnumber, purchasedate, purchasecost, manufacturer, modelnumber, issuedto) values (23, '5832238907', '2018-01-21', '$663.36', 'Devcast', '3458131566', '22214');
insert into Device (deviceid, serialnumber, purchasedate, purchasecost, manufacturer, modelnumber, issuedto) values (24, '4497379922', '2017-09-02', '$930.55', 'Yakitri', '8680991694', '45552');
insert into Device (deviceid, serialnumber, purchasedate, purchasecost, manufacturer, modelnumber, issuedto) values (25, '4538287598', '2018-04-17', '$929.35', 'Izio', '5886976558', '12247');
insert into Device (deviceid, serialnumber, purchasedate, purchasecost, manufacturer, modelnumber, issuedto) values (26, '4880458716', '2018-04-28', '$746.33', 'Feednation', '2050267274', '98910');
insert into Device (deviceid, serialnumber, purchasedate, purchasecost, manufacturer, modelnumber, issuedto) values (27, '0942308387', '2017-08-25', '$796.37', 'Meejo', '3488947459', '34290');
insert into Device (deviceid, serialnumber, purchasedate, purchasecost, manufacturer, modelnumber, issuedto) values (28, '6708745259', '2017-10-13', '$1470.31', 'Skajo', '0641904576', '52675');
insert into Device (deviceid, serialnumber, purchasedate, purchasecost, manufacturer, modelnumber, issuedto) values (29, '5648802234', '2018-05-14', '$602.48', 'Thoughtsphere', '4016572037', '80956');
insert into Device (deviceid, serialnumber, purchasedate, purchasecost, manufacturer, modelnumber, issuedto) values (30, '0905950550', '2018-02-20', '$1194.78', 'Shufflebeat', '0288809602', '36020');
insert into Device (deviceid, serialnumber, purchasedate, purchasecost, manufacturer, modelnumber, issuedto) values (31, '2342711085', '2018-03-18', '$1028.28', 'Cogibox', '6700815444', '30126');
insert into Device (deviceid, serialnumber, purchasedate, purchasecost, manufacturer, modelnumber, issuedto) values (32, '6778406593', '2018-01-06', '$1287.97', 'Meedoo', '3998544224', '71405');
insert into Device (deviceid, serialnumber, purchasedate, purchasecost, manufacturer, modelnumber, issuedto) values (33, '6803211304', '2017-12-26', '$1437.99', 'Muxo', '8768929463', '36020');
insert into Device (deviceid, serialnumber, purchasedate, purchasecost, manufacturer, modelnumber, issuedto) values (34, '1233296515', '2018-04-13', '$836.01', 'Zoomzone', '9854941272', '85540');
insert into Device (deviceid, serialnumber, purchasedate, purchasecost, manufacturer, modelnumber, issuedto) values (35, '7157993686', '2017-11-09', '$1472.34', 'Yakitri', '8406089423', '39804');
insert into Device (deviceid, serialnumber, purchasedate, purchasecost, manufacturer, modelnumber, issuedto) values (36, '2021129926', '2017-08-12', '$1128.49', 'Jabberbean', '8519302165', '62109');
insert into Device (deviceid, serialnumber, purchasedate, purchasecost, manufacturer, modelnumber, issuedto) values (37, '0232180687', '2018-01-18', '$1138.30', 'Chatterbridge', '8429506128', '37844');
insert into Device (deviceid, serialnumber, purchasedate, purchasecost, manufacturer, modelnumber, issuedto) values (38, '7246376321', '2018-02-16', '$930.22', 'Wordpedia', '0211912271', '76945');

-- DeviceUsedBy
insert into DeviceUsedBy (deviceid, empid) values (1, '12247');
insert into DeviceUsedBy (deviceid, empid) values (2, '73946');
insert into DeviceUsedBy (deviceid, empid) values (3, '27933');
insert into DeviceUsedBy (deviceid, empid) values (4, '36020');
insert into DeviceUsedBy (deviceid, empid) values (5, '52675');
insert into DeviceUsedBy (deviceid, empid) values (6, '62767');
insert into DeviceUsedBy (deviceid, empid) values (7, '48741');
insert into DeviceUsedBy (deviceid, empid) values (8, '85540');
insert into DeviceUsedBy (deviceid, empid) values (9, '09438');
insert into DeviceUsedBy (deviceid, empid) values (10, '09251');
insert into DeviceUsedBy (deviceid, empid) values (11, '15905');
insert into DeviceUsedBy (deviceid, empid) values (12, '48841');
insert into DeviceUsedBy (deviceid, empid) values (13, '08090');
insert into DeviceUsedBy (deviceid, empid) values (14, '08090');
insert into DeviceUsedBy (deviceid, empid) values (15, '61602');
insert into DeviceUsedBy (deviceid, empid) values (16, '48841');
insert into DeviceUsedBy (deviceid, empid) values (17, '51156');
insert into DeviceUsedBy (deviceid, empid) values (18, '62767');
insert into DeviceUsedBy (deviceid, empid) values (19, '26184');
insert into DeviceUsedBy (deviceid, empid) values (20, '80956');
insert into DeviceUsedBy (deviceid, empid) values (21, '73946');
insert into DeviceUsedBy (deviceid, empid) values (22, '15905');
insert into DeviceUsedBy (deviceid, empid) values (23, '12247');
insert into DeviceUsedBy (deviceid, empid) values (24, '08090');
insert into DeviceUsedBy (deviceid, empid) values (25, '48841');
insert into DeviceUsedBy (deviceid, empid) values (26, '17804');
insert into DeviceUsedBy (deviceid, empid) values (27, '36925');
insert into DeviceUsedBy (deviceid, empid) values (28, '15905');
insert into DeviceUsedBy (deviceid, empid) values (29, '85540');
insert into DeviceUsedBy (deviceid, empid) values (30, '36925');
insert into DeviceUsedBy (deviceid, empid) values (31, '58407');
insert into DeviceUsedBy (deviceid, empid) values (32, '39804');
insert into DeviceUsedBy (deviceid, empid) values (33, '39804');
insert into DeviceUsedBy (deviceid, empid) values (34, '09251');
insert into DeviceUsedBy (deviceid, empid) values (35, '48841');
insert into DeviceUsedBy (deviceid, empid) values (36, '34290');
insert into DeviceUsedBy (deviceid, empid) values (37, '37844');
insert into DeviceUsedBy (deviceid, empid) values (38, '66051');

-- Service
insert into Service (abn, servicename, email, owed) values (1, 'Topdrive', 'fwestcar0@stumbleupon.com', '$51967.95');
insert into Service (abn, servicename, email, owed) values (2, 'Innojam', 'cledram1@networkadvertising.org', '$7171.27');
insert into Service (abn, servicename, email, owed) values (3, 'Brainverse', 'sbohlmann2@squidoo.com', '$86638.06');
insert into Service (abn, servicename, email, owed) values (4, 'Photobug', 'pkubes3@irs.gov', '$52834.15');
insert into Service (abn, servicename, email, owed) values (5, 'Realpoint', 'vkarlsson4@github.com', '$42594.30');
insert into Service (abn, servicename, email, owed) values (6, 'Trunyx', 'alenihan5@blogs.com', '$21681.22');
insert into Service (abn, servicename, email, owed) values (7, 'Jabbersphere', 'tubank6@instagram.com', '$83930.97');
insert into Service (abn, servicename, email, owed) values (8, 'Photolist', 'lvillalta7@linkedin.com', '$1027.33');
insert into Service (abn, servicename, email, owed) values (9, 'Einti', 'jallom8@hibu.com', '$59294.21');
insert into Service (abn, servicename, email, owed) values (10, 'Wordtune', 'ghadye9@nasa.gov', '$84058.89');
insert into Service (abn, servicename, email, owed) values (11, 'Fanoodle', 'cdunstalla@sohu.com', '$60028.88');
insert into Service (abn, servicename, email, owed) values (12, 'Voonte', 'zgoareb@oaic.gov.au', '$55626.32');
insert into Service (abn, servicename, email, owed) values (13, 'Zazio', 'bdiantonioc@hibu.com', '$39582.22');
insert into Service (abn, servicename, email, owed) values (14, 'Devpoint', 'abeckfordd@sun.com', '$73731.73');
insert into Service (abn, servicename, email, owed) values (15, 'Centizu', 'dscirmane@parallels.com', '$68224.83');
insert into Service (abn, servicename, email, owed) values (16, 'Camido', 'mloftyf@drupal.org', '$56364.01');
insert into Service (abn, servicename, email, owed) values (17, 'Mycat', 'lpenhallurickg@sohu.com', '$60838.19');
insert into Service (abn, servicename, email, owed) values (18, 'Zoonoodle', 'mcurgenvenh@youtu.be', '$35266.69');
insert into Service (abn, servicename, email, owed) values (19, 'Skibox', 'rnortcliffei@hatena.ne.jp', '$6822.14');
insert into Service (abn, servicename, email, owed) values (20, 'Flashdog', 'sohearj@phoca.cz', '$96452.17');

-- Repair
insert into Repair (repairid, faultreport, startdate, enddate, cost, doneby, doneto) values (1, 'Sovereign''s Company', '2018-08-27', '2018-09-30', '$1969.71', 16, 2);
insert into Repair (repairid, faultreport, startdate, enddate, cost, doneby, doneto) values (2, 'Story of O, The (Histoire d''O)', '2018-07-17', '2018-09-17', '$769.50', 5, 5);
insert into Repair (repairid, faultreport, startdate, enddate, cost, doneby, doneto) values (3, 'Well Digger''s Daughter, The (La fille du puisatier)', '2018-07-08', '2018-09-17', '$1941.79', 8, 2);
insert into Repair (repairid, faultreport, startdate, enddate, cost, doneby, doneto) values (4, 'Just Before Dawn', '2018-07-24', '2018-09-21', '$913.82', 14, 36);
insert into Repair (repairid, faultreport, startdate, enddate, cost, doneby, doneto) values (5, 'Nitro Circus: The Movie', '2018-08-12', '2018-09-20', '$1595.55', 6, 4);
insert into Repair (repairid, faultreport, startdate, enddate, cost, doneby, doneto) values (6, 'Make It Happen', '2018-08-18', '2018-10-02', '$1371.12', 20, 5);
insert into Repair (repairid, faultreport, startdate, enddate, cost, doneby, doneto) values (7, 'Assassins', '2018-07-13', '2018-09-20', '$1813.45', 17, 30);
insert into Repair (repairid, faultreport, startdate, enddate, cost, doneby, doneto) values (8, 'Two if by Sea', '2018-07-13', '2018-09-23', '$1669.79', 12, 19);
insert into Repair (repairid, faultreport, startdate, enddate, cost, doneby, doneto) values (9, 'Miracle at St. Anna', '2018-08-31', '2018-09-29', '$1734.51', 17, 22);
insert into Repair (repairid, faultreport, startdate, enddate, cost, doneby, doneto) values (10, 'Superman IV: The Quest for Peace', '2018-07-15', '2018-09-21', '$669.71', 7, 1);
insert into Repair (repairid, faultreport, startdate, enddate, cost, doneby, doneto) values (11, 'Mutantes', '2018-08-04', '2018-09-12', '$801.31', 20, 36);
insert into Repair (repairid, faultreport, startdate, enddate, cost, doneby, doneto) values (12, 'Beloved (Les bien-aimées)', '2018-07-14', '2018-09-13', '$1512.01', 4, 11);
insert into Repair (repairid, faultreport, startdate, enddate, cost, doneby, doneto) values (13, 'Frankie and Johnny', '2018-08-29', '2018-09-20', '$1519.14', 9, 31);
insert into Repair (repairid, faultreport, startdate, enddate, cost, doneby, doneto) values (14, 'Among Giants', '2018-08-09', '2018-09-20', '$873.20', 20, 32);
insert into Repair (repairid, faultreport, startdate, enddate, cost, doneby, doneto) values (15, 'Walking Tall Part II', '2018-07-14', '2018-10-02', '$915.86', 6, 17);
insert into Repair (repairid, faultreport, startdate, enddate, cost, doneby, doneto) values (16, 'Desire Under the Elms', '2018-08-05', '2018-09-13', '$627.95', 19, 29);
insert into Repair (repairid, faultreport, startdate, enddate, cost, doneby, doneto) values (17, 'Family Man, The', '2018-07-16', '2018-09-22', '$837.13', 6, 15);
insert into Repair (repairid, faultreport, startdate, enddate, cost, doneby, doneto) values (18, 'Freeze Me', '2018-08-03', '2018-09-22', '$1726.99', 10, 26);
insert into Repair (repairid, faultreport, startdate, enddate, cost, doneby, doneto) values (19, 'Nobody Will', '2018-09-04', '2018-09-17', '$1751.01', 8, 13);
insert into Repair (repairid, faultreport, startdate, enddate, cost, doneby, doneto) values (20, 'Avengers Confidential: Black Widow & Punisher', '2018-07-21', '2018-09-23', '$1496.36', 14, 19);
insert into Repair (repairid, faultreport, startdate, enddate, cost, doneby, doneto) values (21, 'Barenaked in America', '2018-08-17', '2018-09-18', '$1133.88', 10, 28);
insert into Repair (repairid, faultreport, startdate, enddate, cost, doneby, doneto) values (22, 'Berkeley in the ''60s', '2018-08-08', '2018-09-24', '$1520.95', 20, 28);
insert into Repair (repairid, faultreport, startdate, enddate, cost, doneby, doneto) values (23, 'Love Can Seriously Damage Your Health', '2018-09-01', '2018-09-29', '$611.09', 18, 6);
insert into Repair (repairid, faultreport, startdate, enddate, cost, doneby, doneto) values (24, 'Dish & the Spoon, The', '2018-07-05', '2018-09-15', '$1736.03', 17, 8);
insert into Repair (repairid, faultreport, startdate, enddate, cost, doneby, doneto) values (25, 'Killing of a Chinese Bookie, The', '2018-07-27', '2018-09-13', '$921.79', 1, 26);
insert into Repair (repairid, faultreport, startdate, enddate, cost, doneby, doneto) values (26, 'Taking of Power ', '2018-08-19', '2018-09-21', '$885.06', 10, 23);
insert into Repair (repairid, faultreport, startdate, enddate, cost, doneby, doneto) values (27, 'Woman Under', '2018-07-25', '2018-09-30', '$1496.98', 20, 30);
insert into Repair (repairid, faultreport, startdate, enddate, cost, doneby, doneto) values (28, 'Top Secret!', '2018-08-05', '2018-09-22', '$727.04', 15, 23);
insert into Repair (repairid, faultreport, startdate, enddate, cost, doneby, doneto) values (29, 'Off Limits', '2018-08-18', '2018-09-18', '$1724.07', 5, 20);
insert into Repair (repairid, faultreport, startdate, enddate, cost, doneby, doneto) values (30, 'Hills Run Red, The', '2018-08-01', '2018-09-21', '$1050.00', 2, 25);
insert into Repair (repairid, faultreport, startdate, enddate, cost, doneby, doneto) values (31, 'Charly', '2018-09-03', '2018-09-27', '$1748.62', 1, 33);
insert into Repair (repairid, faultreport, startdate, enddate, cost, doneby, doneto) values (32, 'Labor Pains', '2018-07-06', '2018-09-22', '$1106.13', 19, 37);
insert into Repair (repairid, faultreport, startdate, enddate, cost, doneby, doneto) values (33, 'SpookyScarySkeletons', '2018-07-30', '2018-09-21', '$946.20', 13, 1);
insert into Repair (repairid, faultreport, startdate, enddate, cost, doneby, doneto) values (34, 'Lady from Shanghai, The', '2018-07-11', '2018-09-21', '$1476.05', 19, 17);

COMMIT;
